{
  "project_info": {
    "project_number": "547625614876",
    "project_id": "servicecostestimationn",
    "storage_bucket": "servicecostestimationn.appspot.com"
  },
  "client": [
    {
      "client_info": {
        "mobilesdk_app_id": "1:547625614876:android:22bc79dd3b13224688a9d9",
        "android_client_info": {
          "package_name": "com.mycompany.servicecostestimation"
        }
      },
      "oauth_client": [
        {
          "client_id": "547625614876-5gqsen1o8mv8rt5lukodsv8456ooooqq.apps.googleusercontent.com",
          "client_type": 1,
          "android_info": {
            "package_name": "com.mycompany.servicecostestimation",
            "certificate_hash": "9bbb3186b2189ef16d8f272bdab59362c395cbb4"
          }
        },
        {
          "client_id": "547625614876-qtm88fg9g5prb7qpsqjk5cdujov17fhu.apps.googleusercontent.com",
          "client_type": 3
        }
      ],
      "api_key": [
        {
          "current_key": "AIzaSyCww3B6OkTLH4w838lbtAZ5U4orY_Ya92E"
        }
      ],
      "services": {
        "appinvite_service": {
          "other_platform_oauth_client": [
            {
              "client_id": "547625614876-qtm88fg9g5prb7qpsqjk5cdujov17fhu.apps.googleusercontent.com",
              "client_type": 3
            },
            {
              "client_id": "547625614876-fflfag98g3mv4o3daacheguc9cfnhoga.apps.googleusercontent.com",
              "client_type": 2,
              "ios_info": {
                "bundle_id": "com.mycompany.servicecostestimation"
              }
            }
          ]
        }
      }
    }
  ],
  "configuration_version": "1"
}